left,bottom,right,top,xpath
0,5590,1351,27,/HTML[1]/BODY[1]
0,27,1351,0,/HTML[1]/BODY[1]/DIV[1]
0,26,1351,0,/HTML[1]/BODY[1]/DIV[1]/DIV[1]
0,24,1356,0,/HTML[1]/BODY[1]/DIV[1]/DIV[1]/DIV[1]
5,27,65,13,/HTML[1]/BODY[1]/DIV[1]/DIV[1]/DIV[1]/A[1]
5,24,65,0,/HTML[1]/BODY[1]/DIV[1]/DIV[1]/DIV[1]/A[1]/IMG[1]
1081,24,1331,4,/HTML[1]/BODY[1]/DIV[1]/DIV[1]/DIV[2]
1081,24,1331,4,/HTML[1]/BODY[1]/DIV[1]/DIV[1]/DIV[2]/FORM[1]
1090,24,1242,4,/HTML[1]/BODY[1]/DIV[1]/DIV[1]/DIV[2]/FORM[1]/INPUT[1]
1246,23,1331,5,/HTML[1]/BODY[1]/DIV[1]/DIV[1]/DIV[2]/FORM[1]/INPUT[2]
270,262,1080,27,/HTML[1]/BODY[1]/DIV[2]
270,86,1080,27,/HTML[1]/BODY[1]/DIV[2]/H1[1]
855,88,1045,64,/HTML[1]/BODY[1]/DIV[2]/H1[1]/A[1]
855,88,1045,64,/HTML[1]/BODY[1]/DIV[2]/H1[1]/A[1]/text()[1]
270,101,1080,86,/HTML[1]/BODY[1]/DIV[2]/DIV[1]
0,297,1351,267,/HTML[1]/BODY[1]/DIV[3]
334,289,377,274,/HTML[1]/BODY[1]/DIV[3]/A[1]
334,289,377,274,/HTML[1]/BODY[1]/DIV[3]/A[1]/text()[1]
385,289,392,274,/HTML[1]/BODY[1]/DIV[3]/SPAN[1]
385,289,392,274,/HTML[1]/BODY[1]/DIV[3]/SPAN[1]/text()[1]
398,289,406,274,/HTML[1]/BODY[1]/DIV[3]/SPAN[2]
398,289,406,274,/HTML[1]/BODY[1]/DIV[3]/SPAN[2]/text()[1]
412,289,420,274,/HTML[1]/BODY[1]/DIV[3]/SPAN[3]
412,289,420,274,/HTML[1]/BODY[1]/DIV[3]/SPAN[3]/A[1]
412,289,420,274,/HTML[1]/BODY[1]/DIV[3]/SPAN[3]/A[1]/text()[1]
426,289,434,274,/HTML[1]/BODY[1]/DIV[3]/SPAN[4]
426,289,434,274,/HTML[1]/BODY[1]/DIV[3]/SPAN[4]/text()[1]
440,289,448,274,/HTML[1]/BODY[1]/DIV[3]/SPAN[5]
440,289,448,274,/HTML[1]/BODY[1]/DIV[3]/SPAN[5]/text()[1]
454,289,461,274,/HTML[1]/BODY[1]/DIV[3]/SPAN[6]
454,289,461,274,/HTML[1]/BODY[1]/DIV[3]/SPAN[6]/text()[1]
467,289,475,274,/HTML[1]/BODY[1]/DIV[3]/SPAN[7]
467,289,475,274,/HTML[1]/BODY[1]/DIV[3]/SPAN[7]/text()[1]
481,289,489,274,/HTML[1]/BODY[1]/DIV[3]/SPAN[8]
481,289,489,274,/HTML[1]/BODY[1]/DIV[3]/SPAN[8]/text()[1]
495,289,502,274,/HTML[1]/BODY[1]/DIV[3]/SPAN[9]
495,289,502,274,/HTML[1]/BODY[1]/DIV[3]/SPAN[9]/text()[1]
508,289,523,274,/HTML[1]/BODY[1]/DIV[3]/SPAN[10]
508,289,523,274,/HTML[1]/BODY[1]/DIV[3]/SPAN[10]/text()[1]
529,289,545,274,/HTML[1]/BODY[1]/DIV[3]/SPAN[11]
529,289,545,274,/HTML[1]/BODY[1]/DIV[3]/SPAN[11]/text()[1]
551,289,566,274,/HTML[1]/BODY[1]/DIV[3]/SPAN[12]
551,289,566,274,/HTML[1]/BODY[1]/DIV[3]/SPAN[12]/text()[1]
572,289,587,274,/HTML[1]/BODY[1]/DIV[3]/SPAN[13]
572,289,587,274,/HTML[1]/BODY[1]/DIV[3]/SPAN[13]/text()[1]
593,289,608,274,/HTML[1]/BODY[1]/DIV[3]/SPAN[14]
593,289,608,274,/HTML[1]/BODY[1]/DIV[3]/SPAN[14]/text()[1]
614,289,630,274,/HTML[1]/BODY[1]/DIV[3]/SPAN[15]
614,289,630,274,/HTML[1]/BODY[1]/DIV[3]/SPAN[15]/text()[1]
636,289,651,274,/HTML[1]/BODY[1]/DIV[3]/SPAN[16]
636,289,651,274,/HTML[1]/BODY[1]/DIV[3]/SPAN[16]/text()[1]
657,289,672,274,/HTML[1]/BODY[1]/DIV[3]/SPAN[17]
657,289,672,274,/HTML[1]/BODY[1]/DIV[3]/SPAN[17]/text()[1]
678,289,693,274,/HTML[1]/BODY[1]/DIV[3]/SPAN[18]
678,289,693,274,/HTML[1]/BODY[1]/DIV[3]/SPAN[18]/text()[1]
699,289,715,274,/HTML[1]/BODY[1]/DIV[3]/SPAN[19]
699,289,715,274,/HTML[1]/BODY[1]/DIV[3]/SPAN[19]/text()[1]
721,289,736,274,/HTML[1]/BODY[1]/DIV[3]/SPAN[20]
721,289,736,274,/HTML[1]/BODY[1]/DIV[3]/SPAN[20]/text()[1]
742,289,757,274,/HTML[1]/BODY[1]/DIV[3]/SPAN[21]
742,289,757,274,/HTML[1]/BODY[1]/DIV[3]/SPAN[21]/text()[1]
763,289,778,274,/HTML[1]/BODY[1]/DIV[3]/SPAN[22]
763,289,778,274,/HTML[1]/BODY[1]/DIV[3]/SPAN[22]/text()[1]
784,289,800,274,/HTML[1]/BODY[1]/DIV[3]/SPAN[23]
784,289,800,274,/HTML[1]/BODY[1]/DIV[3]/SPAN[23]/text()[1]
806,289,821,274,/HTML[1]/BODY[1]/DIV[3]/SPAN[24]
806,289,821,274,/HTML[1]/BODY[1]/DIV[3]/SPAN[24]/text()[1]
827,289,842,274,/HTML[1]/BODY[1]/DIV[3]/SPAN[25]
827,289,842,274,/HTML[1]/BODY[1]/DIV[3]/SPAN[25]/text()[1]
848,289,863,274,/HTML[1]/BODY[1]/DIV[3]/SPAN[26]
848,289,863,274,/HTML[1]/BODY[1]/DIV[3]/SPAN[26]/text()[1]
869,289,885,274,/HTML[1]/BODY[1]/DIV[3]/SPAN[27]
869,289,885,274,/HTML[1]/BODY[1]/DIV[3]/SPAN[27]/text()[1]
891,289,906,274,/HTML[1]/BODY[1]/DIV[3]/SPAN[28]
891,289,906,274,/HTML[1]/BODY[1]/DIV[3]/SPAN[28]/text()[1]
912,289,927,274,/HTML[1]/BODY[1]/DIV[3]/SPAN[29]
912,289,927,274,/HTML[1]/BODY[1]/DIV[3]/SPAN[29]/text()[1]
933,289,948,274,/HTML[1]/BODY[1]/DIV[3]/SPAN[30]
933,289,948,274,/HTML[1]/BODY[1]/DIV[3]/SPAN[30]/text()[1]
954,289,970,274,/HTML[1]/BODY[1]/DIV[3]/SPAN[31]
954,289,970,274,/HTML[1]/BODY[1]/DIV[3]/SPAN[31]/text()[1]
973,289,1016,274,/HTML[1]/BODY[1]/DIV[3]/A[2]
973,289,1016,274,/HTML[1]/BODY[1]/DIV[3]/A[2]/text()[1]
270,5540,1080,297,/HTML[1]/BODY[1]/DIV[4]
270,327,1080,297,/HTML[1]/BODY[1]/DIV[4]/DIV[1]
545,5540,1080,327,/HTML[1]/BODY[1]/DIV[4]/DIV[2]
545,740,1045,327,/HTML[1]/BODY[1]/DIV[4]/DIV[2]/DIV[1]
545,353,1045,327,/HTML[1]/BODY[1]/DIV[4]/DIV[2]/DIV[1]/H2[1]
560,348,666,332,/HTML[1]/BODY[1]/DIV[4]/DIV[2]/DIV[1]/H2[1]/A[1]
560,348,666,332,/HTML[1]/BODY[1]/DIV[4]/DIV[2]/DIV[1]/H2[1]/A[1]/text()[1]
545,382,1040,363,/HTML[1]/BODY[1]/DIV[4]/DIV[2]/DIV[1]/DIV[1]
996,380,1040,365,/HTML[1]/BODY[1]/DIV[4]/DIV[2]/DIV[1]/DIV[1]/text()[1]
545,710,1045,392,/HTML[1]/BODY[1]/DIV[4]/DIV[2]/DIV[1]/DIV[2]
560,642,1030,392,/HTML[1]/BODY[1]/DIV[4]/DIV[2]/DIV[1]/DIV[2]/DIV[1]
645,642,945,392,/HTML[1]/BODY[1]/DIV[4]/DIV[2]/DIV[1]/DIV[2]/DIV[1]/IFRAME[1]
945,642,946,641,/HTML[1]/BODY[1]/DIV[4]/DIV[2]/DIV[1]/DIV[2]/DIV[1]/IMG[1]
560,690,1030,652,/HTML[1]/BODY[1]/DIV[4]/DIV[2]/DIV[1]/DIV[2]/DIV[2]
560,666,795,656,/HTML[1]/BODY[1]/DIV[4]/DIV[2]/DIV[1]/DIV[2]/DIV[2]/text()[1]
560,685,706,675,/HTML[1]/BODY[1]/DIV[4]/DIV[2]/DIV[1]/DIV[2]/DIV[2]/text()[2]
545,740,1045,720,/HTML[1]/BODY[1]/DIV[4]/DIV[2]/DIV[1]/DIV[3]
967,737,1045,724,/HTML[1]/BODY[1]/DIV[4]/DIV[2]/DIV[1]/DIV[3]/A[1]
967,737,1045,724,/HTML[1]/BODY[1]/DIV[4]/DIV[2]/DIV[1]/DIV[3]/A[1]/text()[1]
545,5401,1045,780,/HTML[1]/BODY[1]/DIV[4]/DIV[2]/DIV[2]
545,806,1045,780,/HTML[1]/BODY[1]/DIV[4]/DIV[2]/DIV[2]/H2[1]
560,801,856,785,/HTML[1]/BODY[1]/DIV[4]/DIV[2]/DIV[2]/H2[1]/A[1]
560,801,856,785,/HTML[1]/BODY[1]/DIV[4]/DIV[2]/DIV[2]/H2[1]/A[1]/text()[1]
545,835,1040,816,/HTML[1]/BODY[1]/DIV[4]/DIV[2]/DIV[2]/DIV[1]
968,833,1040,818,/HTML[1]/BODY[1]/DIV[4]/DIV[2]/DIV[2]/DIV[1]/text()[1]
545,5333,1045,845,/HTML[1]/BODY[1]/DIV[4]/DIV[2]/DIV[2]/DIV[2]
560,4589,1366,843,/HTML[1]/BODY[1]/DIV[4]/DIV[2]/DIV[2]/DIV[2]/SPAN[1]
560,884,1017,843,/HTML[1]/BODY[1]/DIV[4]/DIV[2]/DIV[2]/DIV[2]/SPAN[1]/text()[1]
560,922,776,900,/HTML[1]/BODY[1]/DIV[4]/DIV[2]/DIV[2]/DIV[2]/SPAN[1]/text()[2]
560,960,847,938,/HTML[1]/BODY[1]/DIV[4]/DIV[2]/DIV[2]/DIV[2]/SPAN[1]/text()[3]
560,1577,1366,1555,/HTML[1]/BODY[1]/DIV[4]/DIV[2]/DIV[2]/DIV[2]/SPAN[1]/A[1]
560,1573,1366,959,/HTML[1]/BODY[1]/DIV[4]/DIV[2]/DIV[2]/DIV[2]/SPAN[1]/A[1]/IMG[1]
560,1631,1023,1590,/HTML[1]/BODY[1]/DIV[4]/DIV[2]/DIV[2]/DIV[2]/SPAN[1]/text()[4]
560,1669,999,1647,/HTML[1]/BODY[1]/DIV[4]/DIV[2]/DIV[2]/DIV[2]/SPAN[1]/text()[5]
560,1707,787,1685,/HTML[1]/BODY[1]/DIV[4]/DIV[2]/DIV[2]/DIV[2]/SPAN[1]/text()[6]
560,2427,1366,2405,/HTML[1]/BODY[1]/DIV[4]/DIV[2]/DIV[2]/DIV[2]/SPAN[1]/A[2]
560,2423,1366,1706,/HTML[1]/BODY[1]/DIV[4]/DIV[2]/DIV[2]/DIV[2]/SPAN[1]/A[2]/IMG[1]
560,3144,1366,3122,/HTML[1]/BODY[1]/DIV[4]/DIV[2]/DIV[2]/DIV[2]/SPAN[1]/A[3]
560,3140,1366,2423,/HTML[1]/BODY[1]/DIV[4]/DIV[2]/DIV[2]/DIV[2]/SPAN[1]/A[3]/IMG[1]
560,3861,1366,3839,/HTML[1]/BODY[1]/DIV[4]/DIV[2]/DIV[2]/DIV[2]/SPAN[1]/A[4]
560,3857,1366,3140,/HTML[1]/BODY[1]/DIV[4]/DIV[2]/DIV[2]/DIV[2]/SPAN[1]/A[4]/IMG[1]
560,3915,987,3893,/HTML[1]/BODY[1]/DIV[4]/DIV[2]/DIV[2]/DIV[2]/SPAN[1]/text()[7]
560,3953,722,3931,/HTML[1]/BODY[1]/DIV[4]/DIV[2]/DIV[2]/DIV[2]/SPAN[1]/text()[8]
560,4589,1366,4567,/HTML[1]/BODY[1]/DIV[4]/DIV[2]/DIV[2]/DIV[2]/SPAN[1]/A[5]
560,4585,1366,3971,/HTML[1]/BODY[1]/DIV[4]/DIV[2]/DIV[2]/DIV[2]/SPAN[1]/A[5]/IMG[1]
560,4640,652,4625,/HTML[1]/BODY[1]/DIV[4]/DIV[2]/DIV[2]/DIV[2]/text()[1]
560,5259,1366,5244,/HTML[1]/BODY[1]/DIV[4]/DIV[2]/DIV[2]/DIV[2]/A[1]
560,5256,1366,4642,/HTML[1]/BODY[1]/DIV[4]/DIV[2]/DIV[2]/DIV[2]/A[1]/IMG[1]
560,5314,765,5292,/HTML[1]/BODY[1]/DIV[4]/DIV[2]/DIV[2]/DIV[2]/SPAN[2]
560,5314,765,5292,/HTML[1]/BODY[1]/DIV[4]/DIV[2]/DIV[2]/DIV[2]/SPAN[2]/text()[1]
545,5367,1045,5347,/HTML[1]/BODY[1]/DIV[4]/DIV[2]/DIV[2]/DIV[3]
545,5366,1045,5347,/HTML[1]/BODY[1]/DIV[4]/DIV[2]/DIV[2]/DIV[3]/DIV[1]
545,5364,643,5349,/HTML[1]/BODY[1]/DIV[4]/DIV[2]/DIV[2]/DIV[3]/DIV[1]/text()[1]
545,5367,546,5366,/HTML[1]/BODY[1]/DIV[4]/DIV[2]/DIV[2]/DIV[3]/IMG[1]
545,5401,1045,5381,/HTML[1]/BODY[1]/DIV[4]/DIV[2]/DIV[2]/DIV[4]
830,5398,852,5385,/HTML[1]/BODY[1]/DIV[4]/DIV[2]/DIV[2]/DIV[4]/A[1]
830,5398,852,5385,/HTML[1]/BODY[1]/DIV[4]/DIV[2]/DIV[2]/DIV[4]/A[1]/text()[1]
852,5398,865,5385,/HTML[1]/BODY[1]/DIV[4]/DIV[2]/DIV[2]/DIV[4]/text()[1]
865,5398,932,5385,/HTML[1]/BODY[1]/DIV[4]/DIV[2]/DIV[2]/DIV[4]/A[2]
865,5398,932,5385,/HTML[1]/BODY[1]/DIV[4]/DIV[2]/DIV[2]/DIV[4]/A[2]/text()[1]
932,5398,944,5385,/HTML[1]/BODY[1]/DIV[4]/DIV[2]/DIV[2]/DIV[4]/text()[2]
944,5398,1045,5385,/HTML[1]/BODY[1]/DIV[4]/DIV[2]/DIV[2]/DIV[4]/A[3]
944,5398,1045,5385,/HTML[1]/BODY[1]/DIV[4]/DIV[2]/DIV[2]/DIV[4]/A[3]/text()[1]
545,5540,1045,5441,/HTML[1]/BODY[1]/DIV[4]/DIV[2]/DIV[3]
763,5488,777,5473,/HTML[1]/BODY[1]/DIV[4]/DIV[2]/DIV[3]/text()[1]
777,5488,813,5473,/HTML[1]/BODY[1]/DIV[4]/DIV[2]/DIV[3]/A[1]
777,5488,813,5473,/HTML[1]/BODY[1]/DIV[4]/DIV[2]/DIV[3]/A[1]/text()[1]
813,5488,827,5473,/HTML[1]/BODY[1]/DIV[4]/DIV[2]/DIV[3]/text()[2]
270,2502,505,327,/HTML[1]/BODY[1]/DIV[4]/DIV[3]
295,353,505,327,/HTML[1]/BODY[1]/DIV[4]/DIV[3]/H3[1]
348,348,452,332,/HTML[1]/BODY[1]/DIV[4]/DIV[3]/H3[1]/text()[1]
300,482,500,368,/HTML[1]/BODY[1]/DIV[4]/DIV[3]/DIV[1]
300,482,500,368,/HTML[1]/BODY[1]/DIV[4]/DIV[3]/DIV[1]/DIV[1]
300,480,492,370,/HTML[1]/BODY[1]/DIV[4]/DIV[3]/DIV[1]/DIV[1]/text()[1]
295,538,505,512,/HTML[1]/BODY[1]/DIV[4]/DIV[3]/H3[2]
355,533,446,517,/HTML[1]/BODY[1]/DIV[4]/DIV[3]/H3[2]/text()[1]
300,705,500,553,/HTML[1]/BODY[1]/DIV[4]/DIV[3]/DIV[2]
300,648,500,553,/HTML[1]/BODY[1]/DIV[4]/DIV[3]/DIV[2]/DIV[1]
300,646,497,555,/HTML[1]/BODY[1]/DIV[4]/DIV[3]/DIV[2]/DIV[1]/text()[1]
300,705,500,648,/HTML[1]/BODY[1]/DIV[4]/DIV[3]/DIV[2]/DIV[3]
300,703,492,650,/HTML[1]/BODY[1]/DIV[4]/DIV[3]/DIV[2]/DIV[3]/text()[1]
295,761,505,735,/HTML[1]/BODY[1]/DIV[4]/DIV[3]/H3[3]
342,756,459,740,/HTML[1]/BODY[1]/DIV[4]/DIV[3]/H3[3]/text()[1]
300,851,500,776,/HTML[1]/BODY[1]/DIV[4]/DIV[3]/DIV[3]
300,851,500,776,/HTML[1]/BODY[1]/DIV[4]/DIV[3]/DIV[3]/DIV[2]
300,851,500,776,/HTML[1]/BODY[1]/DIV[4]/DIV[3]/DIV[3]/DIV[2]/UL[1]
300,791,500,776,/HTML[1]/BODY[1]/DIV[4]/DIV[3]/DIV[3]/DIV[2]/UL[1]/LI[1]
300,791,494,776,/HTML[1]/BODY[1]/DIV[4]/DIV[3]/DIV[3]/DIV[2]/UL[1]/LI[1]/A[1]
300,791,494,776,/HTML[1]/BODY[1]/DIV[4]/DIV[3]/DIV[3]/DIV[2]/UL[1]/LI[1]/A[1]/text()[1]
300,811,500,796,/HTML[1]/BODY[1]/DIV[4]/DIV[3]/DIV[3]/DIV[2]/UL[1]/LI[2]
300,811,442,796,/HTML[1]/BODY[1]/DIV[4]/DIV[3]/DIV[3]/DIV[2]/UL[1]/LI[2]/A[1]
300,811,442,796,/HTML[1]/BODY[1]/DIV[4]/DIV[3]/DIV[3]/DIV[2]/UL[1]/LI[2]/A[1]/text()[1]
300,831,500,816,/HTML[1]/BODY[1]/DIV[4]/DIV[3]/DIV[3]/DIV[2]/UL[1]/LI[3]
300,831,458,816,/HTML[1]/BODY[1]/DIV[4]/DIV[3]/DIV[3]/DIV[2]/UL[1]/LI[3]/A[1]
300,831,458,816,/HTML[1]/BODY[1]/DIV[4]/DIV[3]/DIV[3]/DIV[2]/UL[1]/LI[3]/A[1]/text()[1]
300,851,500,836,/HTML[1]/BODY[1]/DIV[4]/DIV[3]/DIV[3]/DIV[2]/UL[1]/LI[4]
300,851,348,836,/HTML[1]/BODY[1]/DIV[4]/DIV[3]/DIV[3]/DIV[2]/UL[1]/LI[4]/A[1]
300,851,348,836,/HTML[1]/BODY[1]/DIV[4]/DIV[3]/DIV[3]/DIV[2]/UL[1]/LI[4]/A[1]/text()[1]
295,907,505,881,/HTML[1]/BODY[1]/DIV[4]/DIV[3]/H3[4]
295,902,449,886,/HTML[1]/BODY[1]/DIV[4]/DIV[3]/H3[4]/text()[1]
300,959,500,922,/HTML[1]/BODY[1]/DIV[4]/DIV[3]/DIV[4]
300,959,500,922,/HTML[1]/BODY[1]/DIV[4]/DIV[3]/DIV[4]/DIV[2]
300,959,500,922,/HTML[1]/BODY[1]/DIV[4]/DIV[3]/DIV[4]/DIV[2]/FORM[1]
300,959,500,922,/HTML[1]/BODY[1]/DIV[4]/DIV[3]/DIV[4]/DIV[2]/FORM[1]/P[1]
300,939,452,922,/HTML[1]/BODY[1]/DIV[4]/DIV[3]/DIV[4]/DIV[2]/FORM[1]/P[1]/INPUT[1]
300,959,336,939,/HTML[1]/BODY[1]/DIV[4]/DIV[3]/DIV[4]/DIV[2]/FORM[1]/P[1]/INPUT[2]
295,1015,505,989,/HTML[1]/BODY[1]/DIV[4]/DIV[3]/H3[5]
374,1010,426,994,/HTML[1]/BODY[1]/DIV[4]/DIV[3]/H3[5]/text()[1]
300,1372,500,1030,/HTML[1]/BODY[1]/DIV[4]/DIV[3]/DIV[5]
300,1372,500,1030,/HTML[1]/BODY[1]/DIV[4]/DIV[3]/DIV[5]/DIV[2]
300,1372,500,1030,/HTML[1]/BODY[1]/DIV[4]/DIV[3]/DIV[5]/DIV[2]/DIV[1]
300,1049,500,1030,/HTML[1]/BODY[1]/DIV[4]/DIV[3]/DIV[5]/DIV[2]/DIV[1]/DIV[1]
300,1047,371,1032,/HTML[1]/BODY[1]/DIV[4]/DIV[3]/DIV[5]/DIV[2]/DIV[1]/DIV[1]/A[1]
300,1047,371,1032,/HTML[1]/BODY[1]/DIV[4]/DIV[3]/DIV[5]/DIV[2]/DIV[1]/DIV[1]/A[1]/text()[1]
300,1068,500,1049,/HTML[1]/BODY[1]/DIV[4]/DIV[3]/DIV[5]/DIV[2]/DIV[1]/DIV[2]
300,1066,395,1051,/HTML[1]/BODY[1]/DIV[4]/DIV[3]/DIV[5]/DIV[2]/DIV[1]/DIV[2]/A[1]
300,1066,395,1051,/HTML[1]/BODY[1]/DIV[4]/DIV[3]/DIV[5]/DIV[2]/DIV[1]/DIV[2]/A[1]/text()[1]
300,1087,500,1068,/HTML[1]/BODY[1]/DIV[4]/DIV[3]/DIV[5]/DIV[2]/DIV[1]/DIV[3]
300,1085,410,1070,/HTML[1]/BODY[1]/DIV[4]/DIV[3]/DIV[5]/DIV[2]/DIV[1]/DIV[3]/A[1]
300,1085,410,1070,/HTML[1]/BODY[1]/DIV[4]/DIV[3]/DIV[5]/DIV[2]/DIV[1]/DIV[3]/A[1]/text()[1]
300,1106,500,1087,/HTML[1]/BODY[1]/DIV[4]/DIV[3]/DIV[5]/DIV[2]/DIV[1]/DIV[4]
308,1104,355,1089,/HTML[1]/BODY[1]/DIV[4]/DIV[3]/DIV[5]/DIV[2]/DIV[1]/DIV[4]/A[1]
308,1104,355,1089,/HTML[1]/BODY[1]/DIV[4]/DIV[3]/DIV[5]/DIV[2]/DIV[1]/DIV[4]/A[1]/text()[1]
300,1125,500,1106,/HTML[1]/BODY[1]/DIV[4]/DIV[3]/DIV[5]/DIV[2]/DIV[1]/DIV[5]
308,1123,355,1108,/HTML[1]/BODY[1]/DIV[4]/DIV[3]/DIV[5]/DIV[2]/DIV[1]/DIV[5]/A[1]
308,1123,355,1108,/HTML[1]/BODY[1]/DIV[4]/DIV[3]/DIV[5]/DIV[2]/DIV[1]/DIV[5]/A[1]/text()[1]
300,1144,500,1125,/HTML[1]/BODY[1]/DIV[4]/DIV[3]/DIV[5]/DIV[2]/DIV[1]/DIV[6]
308,1142,355,1127,/HTML[1]/BODY[1]/DIV[4]/DIV[3]/DIV[5]/DIV[2]/DIV[1]/DIV[6]/A[1]
308,1142,355,1127,/HTML[1]/BODY[1]/DIV[4]/DIV[3]/DIV[5]/DIV[2]/DIV[1]/DIV[6]/A[1]/text()[1]
300,1163,500,1144,/HTML[1]/BODY[1]/DIV[4]/DIV[3]/DIV[5]/DIV[2]/DIV[1]/DIV[7]
300,1161,419,1146,/HTML[1]/BODY[1]/DIV[4]/DIV[3]/DIV[5]/DIV[2]/DIV[1]/DIV[7]/A[1]
300,1161,419,1146,/HTML[1]/BODY[1]/DIV[4]/DIV[3]/DIV[5]/DIV[2]/DIV[1]/DIV[7]/A[1]/text()[1]
300,1182,500,1163,/HTML[1]/BODY[1]/DIV[4]/DIV[3]/DIV[5]/DIV[2]/DIV[1]/DIV[8]
300,1180,395,1165,/HTML[1]/BODY[1]/DIV[4]/DIV[3]/DIV[5]/DIV[2]/DIV[1]/DIV[8]/A[1]
300,1180,395,1165,/HTML[1]/BODY[1]/DIV[4]/DIV[3]/DIV[5]/DIV[2]/DIV[1]/DIV[8]/A[1]/text()[1]
300,1201,500,1182,/HTML[1]/BODY[1]/DIV[4]/DIV[3]/DIV[5]/DIV[2]/DIV[1]/DIV[9]
308,1199,379,1184,/HTML[1]/BODY[1]/DIV[4]/DIV[3]/DIV[5]/DIV[2]/DIV[1]/DIV[9]/A[1]
308,1199,379,1184,/HTML[1]/BODY[1]/DIV[4]/DIV[3]/DIV[5]/DIV[2]/DIV[1]/DIV[9]/A[1]/text()[1]
300,1220,500,1201,/HTML[1]/BODY[1]/DIV[4]/DIV[3]/DIV[5]/DIV[2]/DIV[1]/DIV[10]
300,1218,383,1203,/HTML[1]/BODY[1]/DIV[4]/DIV[3]/DIV[5]/DIV[2]/DIV[1]/DIV[10]/A[1]
300,1218,383,1203,/HTML[1]/BODY[1]/DIV[4]/DIV[3]/DIV[5]/DIV[2]/DIV[1]/DIV[10]/A[1]/text()[1]
300,1239,500,1220,/HTML[1]/BODY[1]/DIV[4]/DIV[3]/DIV[5]/DIV[2]/DIV[1]/DIV[11]
300,1237,407,1222,/HTML[1]/BODY[1]/DIV[4]/DIV[3]/DIV[5]/DIV[2]/DIV[1]/DIV[11]/A[1]
300,1237,407,1222,/HTML[1]/BODY[1]/DIV[4]/DIV[3]/DIV[5]/DIV[2]/DIV[1]/DIV[11]/A[1]/text()[1]
300,1258,500,1239,/HTML[1]/BODY[1]/DIV[4]/DIV[3]/DIV[5]/DIV[2]/DIV[1]/DIV[12]
300,1256,423,1241,/HTML[1]/BODY[1]/DIV[4]/DIV[3]/DIV[5]/DIV[2]/DIV[1]/DIV[12]/A[1]
300,1256,423,1241,/HTML[1]/BODY[1]/DIV[4]/DIV[3]/DIV[5]/DIV[2]/DIV[1]/DIV[12]/A[1]/text()[1]
300,1277,500,1258,/HTML[1]/BODY[1]/DIV[4]/DIV[3]/DIV[5]/DIV[2]/DIV[1]/DIV[13]
308,1275,379,1260,/HTML[1]/BODY[1]/DIV[4]/DIV[3]/DIV[5]/DIV[2]/DIV[1]/DIV[13]/A[1]
308,1275,379,1260,/HTML[1]/BODY[1]/DIV[4]/DIV[3]/DIV[5]/DIV[2]/DIV[1]/DIV[13]/A[1]/text()[1]
300,1296,500,1277,/HTML[1]/BODY[1]/DIV[4]/DIV[3]/DIV[5]/DIV[2]/DIV[1]/DIV[14]
308,1294,357,1279,/HTML[1]/BODY[1]/DIV[4]/DIV[3]/DIV[5]/DIV[2]/DIV[1]/DIV[14]/A[1]
308,1294,357,1279,/HTML[1]/BODY[1]/DIV[4]/DIV[3]/DIV[5]/DIV[2]/DIV[1]/DIV[14]/A[1]/text()[1]
300,1315,500,1296,/HTML[1]/BODY[1]/DIV[4]/DIV[3]/DIV[5]/DIV[2]/DIV[1]/DIV[15]
308,1313,379,1298,/HTML[1]/BODY[1]/DIV[4]/DIV[3]/DIV[5]/DIV[2]/DIV[1]/DIV[15]/A[1]
308,1313,379,1298,/HTML[1]/BODY[1]/DIV[4]/DIV[3]/DIV[5]/DIV[2]/DIV[1]/DIV[15]/A[1]/text()[1]
300,1334,500,1315,/HTML[1]/BODY[1]/DIV[4]/DIV[3]/DIV[5]/DIV[2]/DIV[1]/DIV[16]
300,1332,468,1317,/HTML[1]/BODY[1]/DIV[4]/DIV[3]/DIV[5]/DIV[2]/DIV[1]/DIV[16]/A[1]
300,1332,468,1317,/HTML[1]/BODY[1]/DIV[4]/DIV[3]/DIV[5]/DIV[2]/DIV[1]/DIV[16]/A[1]/text()[1]
300,1353,500,1334,/HTML[1]/BODY[1]/DIV[4]/DIV[3]/DIV[5]/DIV[2]/DIV[1]/DIV[17]
300,1351,442,1336,/HTML[1]/BODY[1]/DIV[4]/DIV[3]/DIV[5]/DIV[2]/DIV[1]/DIV[17]/A[1]
300,1351,442,1336,/HTML[1]/BODY[1]/DIV[4]/DIV[3]/DIV[5]/DIV[2]/DIV[1]/DIV[17]/A[1]/text()[1]
300,1372,500,1353,/HTML[1]/BODY[1]/DIV[4]/DIV[3]/DIV[5]/DIV[2]/DIV[1]/DIV[18]
300,1370,383,1355,/HTML[1]/BODY[1]/DIV[4]/DIV[3]/DIV[5]/DIV[2]/DIV[1]/DIV[18]/A[1]
300,1370,383,1355,/HTML[1]/BODY[1]/DIV[4]/DIV[3]/DIV[5]/DIV[2]/DIV[1]/DIV[18]/A[1]/text()[1]
295,1428,505,1402,/HTML[1]/BODY[1]/DIV[4]/DIV[3]/H3[6]
295,1423,347,1407,/HTML[1]/BODY[1]/DIV[4]/DIV[3]/H3[6]/text()[1]
300,1553,500,1443,/HTML[1]/BODY[1]/DIV[4]/DIV[3]/DIV[6]
300,1553,500,1443,/HTML[1]/BODY[1]/DIV[4]/DIV[3]/DIV[6]/DIV[2]
300,1553,500,1443,/HTML[1]/BODY[1]/DIV[4]/DIV[3]/DIV[6]/DIV[2]/UL[1]
300,1473,500,1443,/HTML[1]/BODY[1]/DIV[4]/DIV[3]/DIV[6]/DIV[2]/UL[1]/LI[1]
300,1473,469,1443,/HTML[1]/BODY[1]/DIV[4]/DIV[3]/DIV[6]/DIV[2]/UL[1]/LI[1]/A[1]
300,1473,469,1443,/HTML[1]/BODY[1]/DIV[4]/DIV[3]/DIV[6]/DIV[2]/UL[1]/LI[1]/A[1]/text()[1]
300,1493,500,1478,/HTML[1]/BODY[1]/DIV[4]/DIV[3]/DIV[6]/DIV[2]/UL[1]/LI[2]
300,1493,425,1478,/HTML[1]/BODY[1]/DIV[4]/DIV[3]/DIV[6]/DIV[2]/UL[1]/LI[2]/A[1]
300,1493,425,1478,/HTML[1]/BODY[1]/DIV[4]/DIV[3]/DIV[6]/DIV[2]/UL[1]/LI[2]/A[1]/text()[1]
300,1513,500,1498,/HTML[1]/BODY[1]/DIV[4]/DIV[3]/DIV[6]/DIV[2]/UL[1]/LI[3]
300,1513,387,1498,/HTML[1]/BODY[1]/DIV[4]/DIV[3]/DIV[6]/DIV[2]/UL[1]/LI[3]/A[1]
300,1513,387,1498,/HTML[1]/BODY[1]/DIV[4]/DIV[3]/DIV[6]/DIV[2]/UL[1]/LI[3]/A[1]/text()[1]
300,1533,500,1518,/HTML[1]/BODY[1]/DIV[4]/DIV[3]/DIV[6]/DIV[2]/UL[1]/LI[4]
300,1533,435,1518,/HTML[1]/BODY[1]/DIV[4]/DIV[3]/DIV[6]/DIV[2]/UL[1]/LI[4]/A[1]
300,1533,435,1518,/HTML[1]/BODY[1]/DIV[4]/DIV[3]/DIV[6]/DIV[2]/UL[1]/LI[4]/A[1]/text()[1]
300,1553,500,1538,/HTML[1]/BODY[1]/DIV[4]/DIV[3]/DIV[6]/DIV[2]/UL[1]/LI[5]
300,1553,411,1538,/HTML[1]/BODY[1]/DIV[4]/DIV[3]/DIV[6]/DIV[2]/UL[1]/LI[5]/A[1]
300,1553,411,1538,/HTML[1]/BODY[1]/DIV[4]/DIV[3]/DIV[6]/DIV[2]/UL[1]/LI[5]/A[1]/text()[1]
295,1609,505,1583,/HTML[1]/BODY[1]/DIV[4]/DIV[3]/H3[7]
295,1604,347,1588,/HTML[1]/BODY[1]/DIV[4]/DIV[3]/H3[7]/text()[1]
300,1819,500,1624,/HTML[1]/BODY[1]/DIV[4]/DIV[3]/DIV[7]
300,1819,500,1624,/HTML[1]/BODY[1]/DIV[4]/DIV[3]/DIV[7]/DIV[2]
300,1819,500,1624,/HTML[1]/BODY[1]/DIV[4]/DIV[3]/DIV[7]/DIV[2]/UL[1]
300,1654,500,1624,/HTML[1]/BODY[1]/DIV[4]/DIV[3]/DIV[7]/DIV[2]/UL[1]/LI[1]
300,1654,497,1624,/HTML[1]/BODY[1]/DIV[4]/DIV[3]/DIV[7]/DIV[2]/UL[1]/LI[1]/A[1]
300,1654,497,1624,/HTML[1]/BODY[1]/DIV[4]/DIV[3]/DIV[7]/DIV[2]/UL[1]/LI[1]/A[1]/text()[1]
300,1689,500,1659,/HTML[1]/BODY[1]/DIV[4]/DIV[3]/DIV[7]/DIV[2]/UL[1]/LI[2]
300,1689,497,1659,/HTML[1]/BODY[1]/DIV[4]/DIV[3]/DIV[7]/DIV[2]/UL[1]/LI[2]/A[1]
300,1689,497,1659,/HTML[1]/BODY[1]/DIV[4]/DIV[3]/DIV[7]/DIV[2]/UL[1]/LI[2]/A[1]/text()[1]
300,1724,500,1694,/HTML[1]/BODY[1]/DIV[4]/DIV[3]/DIV[7]/DIV[2]/UL[1]/LI[3]
300,1724,497,1694,/HTML[1]/BODY[1]/DIV[4]/DIV[3]/DIV[7]/DIV[2]/UL[1]/LI[3]/A[1]
300,1724,497,1694,/HTML[1]/BODY[1]/DIV[4]/DIV[3]/DIV[7]/DIV[2]/UL[1]/LI[3]/A[1]/text()[1]
300,1759,500,1729,/HTML[1]/BODY[1]/DIV[4]/DIV[3]/DIV[7]/DIV[2]/UL[1]/LI[4]
300,1759,499,1729,/HTML[1]/BODY[1]/DIV[4]/DIV[3]/DIV[7]/DIV[2]/UL[1]/LI[4]/A[1]
300,1759,499,1729,/HTML[1]/BODY[1]/DIV[4]/DIV[3]/DIV[7]/DIV[2]/UL[1]/LI[4]/A[1]/text()[1]
300,1779,500,1764,/HTML[1]/BODY[1]/DIV[4]/DIV[3]/DIV[7]/DIV[2]/UL[1]/LI[5]
300,1779,489,1764,/HTML[1]/BODY[1]/DIV[4]/DIV[3]/DIV[7]/DIV[2]/UL[1]/LI[5]/A[1]
300,1779,489,1764,/HTML[1]/BODY[1]/DIV[4]/DIV[3]/DIV[7]/DIV[2]/UL[1]/LI[5]/A[1]/text()[1]
300,1799,500,1784,/HTML[1]/BODY[1]/DIV[4]/DIV[3]/DIV[7]/DIV[2]/UL[1]/LI[6]
300,1799,465,1784,/HTML[1]/BODY[1]/DIV[4]/DIV[3]/DIV[7]/DIV[2]/UL[1]/LI[6]/A[1]
300,1799,465,1784,/HTML[1]/BODY[1]/DIV[4]/DIV[3]/DIV[7]/DIV[2]/UL[1]/LI[6]/A[1]/text()[1]
300,1819,500,1804,/HTML[1]/BODY[1]/DIV[4]/DIV[3]/DIV[7]/DIV[2]/UL[1]/LI[7]
300,1819,489,1804,/HTML[1]/BODY[1]/DIV[4]/DIV[3]/DIV[7]/DIV[2]/UL[1]/LI[7]/A[1]
300,1819,489,1804,/HTML[1]/BODY[1]/DIV[4]/DIV[3]/DIV[7]/DIV[2]/UL[1]/LI[7]/A[1]/text()[1]
295,1875,505,1849,/HTML[1]/BODY[1]/DIV[4]/DIV[3]/H3[8]
295,1870,386,1854,/HTML[1]/BODY[1]/DIV[4]/DIV[3]/H3[8]/text()[1]
300,2066,500,1890,/HTML[1]/BODY[1]/DIV[4]/DIV[3]/DIV[8]
300,2066,500,1890,/HTML[1]/BODY[1]/DIV[4]/DIV[3]/DIV[8]/DIV[2]
300,2009,500,1890,/HTML[1]/BODY[1]/DIV[4]/DIV[3]/DIV[8]/DIV[2]/P[1]
300,2009,394,1890,/HTML[1]/BODY[1]/DIV[4]/DIV[3]/DIV[8]/DIV[2]/P[1]/IMG[1]
300,2066,500,2009,/HTML[1]/BODY[1]/DIV[4]/DIV[3]/DIV[8]/DIV[2]/P[2]
300,2026,412,2011,/HTML[1]/BODY[1]/DIV[4]/DIV[3]/DIV[8]/DIV[2]/P[2]/text()[1]
300,2064,497,2030,/HTML[1]/BODY[1]/DIV[4]/DIV[3]/DIV[8]/DIV[2]/P[2]/text()[2]
295,2122,505,2096,/HTML[1]/BODY[1]/DIV[4]/DIV[3]/H3[9]
295,2117,321,2101,/HTML[1]/BODY[1]/DIV[4]/DIV[3]/H3[9]/text()[1]
300,2296,500,2137,/HTML[1]/BODY[1]/DIV[4]/DIV[3]/DIV[9]
300,2296,500,2137,/HTML[1]/BODY[1]/DIV[4]/DIV[3]/DIV[9]/DIV[2]
300,2296,500,2137,/HTML[1]/BODY[1]/DIV[4]/DIV[3]/DIV[9]/DIV[2]/DIV[1]
300,2296,500,2137,/HTML[1]/BODY[1]/DIV[4]/DIV[3]/DIV[9]/DIV[2]/DIV[1]/TABLE[1]
300,2167,500,2137,/HTML[1]/BODY[1]/DIV[4]/DIV[3]/DIV[9]/DIV[2]/DIV[1]/TABLE[1]/CAPTION[1]
338,2158,356,2143,/HTML[1]/BODY[1]/DIV[4]/DIV[3]/DIV[9]/DIV[2]/DIV[1]/TABLE[1]/CAPTION[1]/A[1]
338,2158,356,2143,/HTML[1]/BODY[1]/DIV[4]/DIV[3]/DIV[9]/DIV[2]/DIV[1]/TABLE[1]/CAPTION[1]/A[1]/text()[1]
356,2158,444,2143,/HTML[1]/BODY[1]/DIV[4]/DIV[3]/DIV[9]/DIV[2]/DIV[1]/TABLE[1]/CAPTION[1]/text()[1]
444,2158,462,2143,/HTML[1]/BODY[1]/DIV[4]/DIV[3]/DIV[9]/DIV[2]/DIV[1]/TABLE[1]/CAPTION[1]/A[2]
444,2158,462,2143,/HTML[1]/BODY[1]/DIV[4]/DIV[3]/DIV[9]/DIV[2]/DIV[1]/TABLE[1]/CAPTION[1]/A[2]/text()[1]
300,2296,500,2167,/HTML[1]/BODY[1]/DIV[4]/DIV[3]/DIV[9]/DIV[2]/DIV[1]/TABLE[1]/TBODY[1]
300,2189,500,2169,/HTML[1]/BODY[1]/DIV[4]/DIV[3]/DIV[9]/DIV[2]/DIV[1]/TABLE[1]/TBODY[1]/TR[1]
302,2189,328,2169,/HTML[1]/BODY[1]/DIV[4]/DIV[3]/DIV[9]/DIV[2]/DIV[1]/TABLE[1]/TBODY[1]/TR[1]/TH[1]
309,2186,321,2171,/HTML[1]/BODY[1]/DIV[4]/DIV[3]/DIV[9]/DIV[2]/DIV[1]/TABLE[1]/TBODY[1]/TR[1]/TH[1]/text()[1]
330,2189,356,2169,/HTML[1]/BODY[1]/DIV[4]/DIV[3]/DIV[9]/DIV[2]/DIV[1]/TABLE[1]/TBODY[1]/TR[1]/TH[2]
337,2186,349,2171,/HTML[1]/BODY[1]/DIV[4]/DIV[3]/DIV[9]/DIV[2]/DIV[1]/TABLE[1]/TBODY[1]/TR[1]/TH[2]/text()[1]
358,2189,384,2169,/HTML[1]/BODY[1]/DIV[4]/DIV[3]/DIV[9]/DIV[2]/DIV[1]/TABLE[1]/TBODY[1]/TR[1]/TH[3]
365,2186,377,2171,/HTML[1]/BODY[1]/DIV[4]/DIV[3]/DIV[9]/DIV[2]/DIV[1]/TABLE[1]/TBODY[1]/TR[1]/TH[3]/text()[1]
386,2189,412,2169,/HTML[1]/BODY[1]/DIV[4]/DIV[3]/DIV[9]/DIV[2]/DIV[1]/TABLE[1]/TBODY[1]/TR[1]/TH[4]
393,2186,405,2171,/HTML[1]/BODY[1]/DIV[4]/DIV[3]/DIV[9]/DIV[2]/DIV[1]/TABLE[1]/TBODY[1]/TR[1]/TH[4]/text()[1]
414,2189,440,2169,/HTML[1]/BODY[1]/DIV[4]/DIV[3]/DIV[9]/DIV[2]/DIV[1]/TABLE[1]/TBODY[1]/TR[1]/TH[5]
421,2186,433,2171,/HTML[1]/BODY[1]/DIV[4]/DIV[3]/DIV[9]/DIV[2]/DIV[1]/TABLE[1]/TBODY[1]/TR[1]/TH[5]/text()[1]
442,2189,469,2169,/HTML[1]/BODY[1]/DIV[4]/DIV[3]/DIV[9]/DIV[2]/DIV[1]/TABLE[1]/TBODY[1]/TR[1]/TH[6]
450,2186,462,2171,/HTML[1]/BODY[1]/DIV[4]/DIV[3]/DIV[9]/DIV[2]/DIV[1]/TABLE[1]/TBODY[1]/TR[1]/TH[6]/text()[1]
471,2189,498,2169,/HTML[1]/BODY[1]/DIV[4]/DIV[3]/DIV[9]/DIV[2]/DIV[1]/TABLE[1]/TBODY[1]/TR[1]/TH[7]
479,2186,491,2171,/HTML[1]/BODY[1]/DIV[4]/DIV[3]/DIV[9]/DIV[2]/DIV[1]/TABLE[1]/TBODY[1]/TR[1]/TH[7]/text()[1]
300,2210,500,2191,/HTML[1]/BODY[1]/DIV[4]/DIV[3]/DIV[9]/DIV[2]/DIV[1]/TABLE[1]/TBODY[1]/TR[2]
302,2210,328,2191,/HTML[1]/BODY[1]/DIV[4]/DIV[3]/DIV[9]/DIV[2]/DIV[1]/TABLE[1]/TBODY[1]/TR[2]/TD[1]
312,2208,318,2193,/HTML[1]/BODY[1]/DIV[4]/DIV[3]/DIV[9]/DIV[2]/DIV[1]/TABLE[1]/TBODY[1]/TR[2]/TD[1]/text()[1]
330,2210,356,2191,/HTML[1]/BODY[1]/DIV[4]/DIV[3]/DIV[9]/DIV[2]/DIV[1]/TABLE[1]/TBODY[1]/TR[2]/TD[2]
340,2208,346,2193,/HTML[1]/BODY[1]/DIV[4]/DIV[3]/DIV[9]/DIV[2]/DIV[1]/TABLE[1]/TBODY[1]/TR[2]/TD[2]/text()[1]
358,2210,384,2191,/HTML[1]/BODY[1]/DIV[4]/DIV[3]/DIV[9]/DIV[2]/DIV[1]/TABLE[1]/TBODY[1]/TR[2]/TD[3]
368,2208,374,2193,/HTML[1]/BODY[1]/DIV[4]/DIV[3]/DIV[9]/DIV[2]/DIV[1]/TABLE[1]/TBODY[1]/TR[2]/TD[3]/text()[1]
386,2210,412,2191,/HTML[1]/BODY[1]/DIV[4]/DIV[3]/DIV[9]/DIV[2]/DIV[1]/TABLE[1]/TBODY[1]/TR[2]/TD[4]
395,2208,403,2193,/HTML[1]/BODY[1]/DIV[4]/DIV[3]/DIV[9]/DIV[2]/DIV[1]/TABLE[1]/TBODY[1]/TR[2]/TD[4]/text()[1]
414,2210,440,2191,/HTML[1]/BODY[1]/DIV[4]/DIV[3]/DIV[9]/DIV[2]/DIV[1]/TABLE[1]/TBODY[1]/TR[2]/TD[5]
423,2208,431,2193,/HTML[1]/BODY[1]/DIV[4]/DIV[3]/DIV[9]/DIV[2]/DIV[1]/TABLE[1]/TBODY[1]/TR[2]/TD[5]/text()[1]
442,2210,469,2191,/HTML[1]/BODY[1]/DIV[4]/DIV[3]/DIV[9]/DIV[2]/DIV[1]/TABLE[1]/TBODY[1]/TR[2]/TD[6]
451,2208,460,2193,/HTML[1]/BODY[1]/DIV[4]/DIV[3]/DIV[9]/DIV[2]/DIV[1]/TABLE[1]/TBODY[1]/TR[2]/TD[6]/A[1]
451,2208,460,2193,/HTML[1]/BODY[1]/DIV[4]/DIV[3]/DIV[9]/DIV[2]/DIV[1]/TABLE[1]/TBODY[1]/TR[2]/TD[6]/A[1]/text()[1]
471,2210,498,2191,/HTML[1]/BODY[1]/DIV[4]/DIV[3]/DIV[9]/DIV[2]/DIV[1]/TABLE[1]/TBODY[1]/TR[2]/TD[7]
481,2208,488,2193,/HTML[1]/BODY[1]/DIV[4]/DIV[3]/DIV[9]/DIV[2]/DIV[1]/TABLE[1]/TBODY[1]/TR[2]/TD[7]/text()[1]
300,2231,500,2212,/HTML[1]/BODY[1]/DIV[4]/DIV[3]/DIV[9]/DIV[2]/DIV[1]/TABLE[1]/TBODY[1]/TR[3]
302,2231,328,2212,/HTML[1]/BODY[1]/DIV[4]/DIV[3]/DIV[9]/DIV[2]/DIV[1]/TABLE[1]/TBODY[1]/TR[3]/TD[1]
311,2229,319,2214,/HTML[1]/BODY[1]/DIV[4]/DIV[3]/DIV[9]/DIV[2]/DIV[1]/TABLE[1]/TBODY[1]/TR[3]/TD[1]/text()[1]
330,2231,356,2212,/HTML[1]/BODY[1]/DIV[4]/DIV[3]/DIV[9]/DIV[2]/DIV[1]/TABLE[1]/TBODY[1]/TR[3]/TD[2]
339,2229,347,2214,/HTML[1]/BODY[1]/DIV[4]/DIV[3]/DIV[9]/DIV[2]/DIV[1]/TABLE[1]/TBODY[1]/TR[3]/TD[2]/text()[1]
358,2231,384,2212,/HTML[1]/BODY[1]/DIV[4]/DIV[3]/DIV[9]/DIV[2]/DIV[1]/TABLE[1]/TBODY[1]/TR[3]/TD[3]
367,2229,375,2214,/HTML[1]/BODY[1]/DIV[4]/DIV[3]/DIV[9]/DIV[2]/DIV[1]/TABLE[1]/TBODY[1]/TR[3]/TD[3]/text()[1]
386,2231,412,2212,/HTML[1]/BODY[1]/DIV[4]/DIV[3]/DIV[9]/DIV[2]/DIV[1]/TABLE[1]/TBODY[1]/TR[3]/TD[4]
395,2229,403,2214,/HTML[1]/BODY[1]/DIV[4]/DIV[3]/DIV[9]/DIV[2]/DIV[1]/TABLE[1]/TBODY[1]/TR[3]/TD[4]/text()[1]
414,2231,440,2212,/HTML[1]/BODY[1]/DIV[4]/DIV[3]/DIV[9]/DIV[2]/DIV[1]/TABLE[1]/TBODY[1]/TR[3]/TD[5]
423,2229,431,2214,/HTML[1]/BODY[1]/DIV[4]/DIV[3]/DIV[9]/DIV[2]/DIV[1]/TABLE[1]/TBODY[1]/TR[3]/TD[5]/text()[1]
442,2231,469,2212,/HTML[1]/BODY[1]/DIV[4]/DIV[3]/DIV[9]/DIV[2]/DIV[1]/TABLE[1]/TBODY[1]/TR[3]/TD[6]
448,2229,463,2214,/HTML[1]/BODY[1]/DIV[4]/DIV[3]/DIV[9]/DIV[2]/DIV[1]/TABLE[1]/TBODY[1]/TR[3]/TD[6]/text()[1]
471,2231,498,2212,/HTML[1]/BODY[1]/DIV[4]/DIV[3]/DIV[9]/DIV[2]/DIV[1]/TABLE[1]/TBODY[1]/TR[3]/TD[7]
477,2229,492,2214,/HTML[1]/BODY[1]/DIV[4]/DIV[3]/DIV[9]/DIV[2]/DIV[1]/TABLE[1]/TBODY[1]/TR[3]/TD[7]/text()[1]
300,2252,500,2233,/HTML[1]/BODY[1]/DIV[4]/DIV[3]/DIV[9]/DIV[2]/DIV[1]/TABLE[1]/TBODY[1]/TR[4]
302,2252,328,2233,/HTML[1]/BODY[1]/DIV[4]/DIV[3]/DIV[9]/DIV[2]/DIV[1]/TABLE[1]/TBODY[1]/TR[4]/TD[1]
307,2250,323,2235,/HTML[1]/BODY[1]/DIV[4]/DIV[3]/DIV[9]/DIV[2]/DIV[1]/TABLE[1]/TBODY[1]/TR[4]/TD[1]/text()[1]
330,2252,356,2233,/HTML[1]/BODY[1]/DIV[4]/DIV[3]/DIV[9]/DIV[2]/DIV[1]/TABLE[1]/TBODY[1]/TR[4]/TD[2]
335,2250,351,2235,/HTML[1]/BODY[1]/DIV[4]/DIV[3]/DIV[9]/DIV[2]/DIV[1]/TABLE[1]/TBODY[1]/TR[4]/TD[2]/text()[1]
358,2252,384,2233,/HTML[1]/BODY[1]/DIV[4]/DIV[3]/DIV[9]/DIV[2]/DIV[1]/TABLE[1]/TBODY[1]/TR[4]/TD[3]
363,2250,379,2235,/HTML[1]/BODY[1]/DIV[4]/DIV[3]/DIV[9]/DIV[2]/DIV[1]/TABLE[1]/TBODY[1]/TR[4]/TD[3]/text()[1]
386,2252,412,2233,/HTML[1]/BODY[1]/DIV[4]/DIV[3]/DIV[9]/DIV[2]/DIV[1]/TABLE[1]/TBODY[1]/TR[4]/TD[4]
391,2250,407,2235,/HTML[1]/BODY[1]/DIV[4]/DIV[3]/DIV[9]/DIV[2]/DIV[1]/TABLE[1]/TBODY[1]/TR[4]/TD[4]/text()[1]
414,2252,440,2233,/HTML[1]/BODY[1]/DIV[4]/DIV[3]/DIV[9]/DIV[2]/DIV[1]/TABLE[1]/TBODY[1]/TR[4]/TD[5]
419,2250,435,2235,/HTML[1]/BODY[1]/DIV[4]/DIV[3]/DIV[9]/DIV[2]/DIV[1]/TABLE[1]/TBODY[1]/TR[4]/TD[5]/text()[1]
442,2252,469,2233,/HTML[1]/BODY[1]/DIV[4]/DIV[3]/DIV[9]/DIV[2]/DIV[1]/TABLE[1]/TBODY[1]/TR[4]/TD[6]
448,2250,463,2235,/HTML[1]/BODY[1]/DIV[4]/DIV[3]/DIV[9]/DIV[2]/DIV[1]/TABLE[1]/TBODY[1]/TR[4]/TD[6]/text()[1]
471,2252,498,2233,/HTML[1]/BODY[1]/DIV[4]/DIV[3]/DIV[9]/DIV[2]/DIV[1]/TABLE[1]/TBODY[1]/TR[4]/TD[7]
477,2250,492,2235,/HTML[1]/BODY[1]/DIV[4]/DIV[3]/DIV[9]/DIV[2]/DIV[1]/TABLE[1]/TBODY[1]/TR[4]/TD[7]/text()[1]
300,2273,500,2254,/HTML[1]/BODY[1]/DIV[4]/DIV[3]/DIV[9]/DIV[2]/DIV[1]/TABLE[1]/TBODY[1]/TR[5]
302,2273,328,2254,/HTML[1]/BODY[1]/DIV[4]/DIV[3]/DIV[9]/DIV[2]/DIV[1]/TABLE[1]/TBODY[1]/TR[5]/TD[1]
307,2271,323,2256,/HTML[1]/BODY[1]/DIV[4]/DIV[3]/DIV[9]/DIV[2]/DIV[1]/TABLE[1]/TBODY[1]/TR[5]/TD[1]/text()[1]
330,2273,356,2254,/HTML[1]/BODY[1]/DIV[4]/DIV[3]/DIV[9]/DIV[2]/DIV[1]/TABLE[1]/TBODY[1]/TR[5]/TD[2]
335,2271,351,2256,/HTML[1]/BODY[1]/DIV[4]/DIV[3]/DIV[9]/DIV[2]/DIV[1]/TABLE[1]/TBODY[1]/TR[5]/TD[2]/text()[1]
358,2273,384,2254,/HTML[1]/BODY[1]/DIV[4]/DIV[3]/DIV[9]/DIV[2]/DIV[1]/TABLE[1]/TBODY[1]/TR[5]/TD[3]
363,2271,379,2256,/HTML[1]/BODY[1]/DIV[4]/DIV[3]/DIV[9]/DIV[2]/DIV[1]/TABLE[1]/TBODY[1]/TR[5]/TD[3]/text()[1]
386,2273,412,2254,/HTML[1]/BODY[1]/DIV[4]/DIV[3]/DIV[9]/DIV[2]/DIV[1]/TABLE[1]/TBODY[1]/TR[5]/TD[4]
391,2271,407,2256,/HTML[1]/BODY[1]/DIV[4]/DIV[3]/DIV[9]/DIV[2]/DIV[1]/TABLE[1]/TBODY[1]/TR[5]/TD[4]/text()[1]
414,2273,440,2254,/HTML[1]/BODY[1]/DIV[4]/DIV[3]/DIV[9]/DIV[2]/DIV[1]/TABLE[1]/TBODY[1]/TR[5]/TD[5]
419,2271,435,2256,/HTML[1]/BODY[1]/DIV[4]/DIV[3]/DIV[9]/DIV[2]/DIV[1]/TABLE[1]/TBODY[1]/TR[5]/TD[5]/text()[1]
442,2273,469,2254,/HTML[1]/BODY[1]/DIV[4]/DIV[3]/DIV[9]/DIV[2]/DIV[1]/TABLE[1]/TBODY[1]/TR[5]/TD[6]
448,2271,463,2256,/HTML[1]/BODY[1]/DIV[4]/DIV[3]/DIV[9]/DIV[2]/DIV[1]/TABLE[1]/TBODY[1]/TR[5]/TD[6]/text()[1]
471,2273,498,2254,/HTML[1]/BODY[1]/DIV[4]/DIV[3]/DIV[9]/DIV[2]/DIV[1]/TABLE[1]/TBODY[1]/TR[5]/TD[7]
477,2271,492,2256,/HTML[1]/BODY[1]/DIV[4]/DIV[3]/DIV[9]/DIV[2]/DIV[1]/TABLE[1]/TBODY[1]/TR[5]/TD[7]/text()[1]
300,2294,500,2275,/HTML[1]/BODY[1]/DIV[4]/DIV[3]/DIV[9]/DIV[2]/DIV[1]/TABLE[1]/TBODY[1]/TR[6]
302,2294,328,2275,/HTML[1]/BODY[1]/DIV[4]/DIV[3]/DIV[9]/DIV[2]/DIV[1]/TABLE[1]/TBODY[1]/TR[6]/TD[1]
307,2292,323,2277,/HTML[1]/BODY[1]/DIV[4]/DIV[3]/DIV[9]/DIV[2]/DIV[1]/TABLE[1]/TBODY[1]/TR[6]/TD[1]/text()[1]
330,2294,356,2275,/HTML[1]/BODY[1]/DIV[4]/DIV[3]/DIV[9]/DIV[2]/DIV[1]/TABLE[1]/TBODY[1]/TR[6]/TD[2]
335,2292,351,2277,/HTML[1]/BODY[1]/DIV[4]/DIV[3]/DIV[9]/DIV[2]/DIV[1]/TABLE[1]/TBODY[1]/TR[6]/TD[2]/text()[1]
358,2294,384,2275,/HTML[1]/BODY[1]/DIV[4]/DIV[3]/DIV[9]/DIV[2]/DIV[1]/TABLE[1]/TBODY[1]/TR[6]/TD[3]
363,2292,379,2277,/HTML[1]/BODY[1]/DIV[4]/DIV[3]/DIV[9]/DIV[2]/DIV[1]/TABLE[1]/TBODY[1]/TR[6]/TD[3]/text()[1]
386,2294,412,2275,/HTML[1]/BODY[1]/DIV[4]/DIV[3]/DIV[9]/DIV[2]/DIV[1]/TABLE[1]/TBODY[1]/TR[6]/TD[4]
391,2292,407,2277,/HTML[1]/BODY[1]/DIV[4]/DIV[3]/DIV[9]/DIV[2]/DIV[1]/TABLE[1]/TBODY[1]/TR[6]/TD[4]/text()[1]
414,2294,440,2275,/HTML[1]/BODY[1]/DIV[4]/DIV[3]/DIV[9]/DIV[2]/DIV[1]/TABLE[1]/TBODY[1]/TR[6]/TD[5]
419,2292,435,2277,/HTML[1]/BODY[1]/DIV[4]/DIV[3]/DIV[9]/DIV[2]/DIV[1]/TABLE[1]/TBODY[1]/TR[6]/TD[5]/text()[1]
442,2294,469,2275,/HTML[1]/BODY[1]/DIV[4]/DIV[3]/DIV[9]/DIV[2]/DIV[1]/TABLE[1]/TBODY[1]/TR[6]/TD[6]
448,2292,463,2277,/HTML[1]/BODY[1]/DIV[4]/DIV[3]/DIV[9]/DIV[2]/DIV[1]/TABLE[1]/TBODY[1]/TR[6]/TD[6]/text()[1]
471,2294,498,2275,/HTML[1]/BODY[1]/DIV[4]/DIV[3]/DIV[9]/DIV[2]/DIV[1]/TABLE[1]/TBODY[1]/TR[6]/TD[7]
482,2292,487,2277,/HTML[1]/BODY[1]/DIV[4]/DIV[3]/DIV[9]/DIV[2]/DIV[1]/TABLE[1]/TBODY[1]/TR[6]/TD[7]/text()[1]
295,2352,505,2326,/HTML[1]/BODY[1]/DIV[4]/DIV[3]/H3[10]
295,2347,347,2331,/HTML[1]/BODY[1]/DIV[4]/DIV[3]/H3[10]/text()[1]
300,2382,500,2367,/HTML[1]/BODY[1]/DIV[4]/DIV[3]/DIV[10]
300,2382,500,2367,/HTML[1]/BODY[1]/DIV[4]/DIV[3]/DIV[10]/DIV[2]
300,2382,500,2367,/HTML[1]/BODY[1]/DIV[4]/DIV[3]/DIV[10]/DIV[2]/DIV[1]
300,2385,355,2370,/HTML[1]/BODY[1]/DIV[4]/DIV[3]/DIV[10]/DIV[2]/DIV[1]/A[1]
300,2385,355,2370,/HTML[1]/BODY[1]/DIV[4]/DIV[3]/DIV[10]/DIV[2]/DIV[1]/A[1]/SPAN[1]
300,2385,355,2370,/HTML[1]/BODY[1]/DIV[4]/DIV[3]/DIV[10]/DIV[2]/DIV[1]/A[1]/SPAN[1]/NOBR[1]
300,2382,311,2367,/HTML[1]/BODY[1]/DIV[4]/DIV[3]/DIV[10]/DIV[2]/DIV[1]/A[1]/SPAN[1]/NOBR[1]/IMG[1]
311,2382,322,2367,/HTML[1]/BODY[1]/DIV[4]/DIV[3]/DIV[10]/DIV[2]/DIV[1]/A[1]/SPAN[1]/NOBR[1]/IMG[2]
322,2382,333,2367,/HTML[1]/BODY[1]/DIV[4]/DIV[3]/DIV[10]/DIV[2]/DIV[1]/A[1]/SPAN[1]/NOBR[1]/IMG[3]
333,2382,344,2367,/HTML[1]/BODY[1]/DIV[4]/DIV[3]/DIV[10]/DIV[2]/DIV[1]/A[1]/SPAN[1]/NOBR[1]/IMG[4]
344,2382,355,2367,/HTML[1]/BODY[1]/DIV[4]/DIV[3]/DIV[10]/DIV[2]/DIV[1]/A[1]/SPAN[1]/NOBR[1]/IMG[5]
295,2438,505,2412,/HTML[1]/BODY[1]/DIV[4]/DIV[3]/H3[11]
295,2433,386,2417,/HTML[1]/BODY[1]/DIV[4]/DIV[3]/H3[11]/text()[1]
300,2472,500,2453,/HTML[1]/BODY[1]/DIV[4]/DIV[3]/DIV[11]
300,2472,500,2453,/HTML[1]/BODY[1]/DIV[4]/DIV[3]/DIV[11]/DIV[2]
300,2472,500,2453,/HTML[1]/BODY[1]/DIV[4]/DIV[3]/DIV[11]/DIV[2]/P[1]
300,2470,420,2455,/HTML[1]/BODY[1]/DIV[4]/DIV[3]/DIV[11]/DIV[2]/P[1]/A[1]
300,2470,420,2455,/HTML[1]/BODY[1]/DIV[4]/DIV[3]/DIV[11]/DIV[2]/P[1]/A[1]/text()[1]
270,5590,1080,5540,/HTML[1]/BODY[1]/DIV[5]
270,5574,1080,5540,/HTML[1]/BODY[1]/DIV[5]/DIV[1]
455,5563,871,5550,/HTML[1]/BODY[1]/DIV[5]/DIV[1]/text()[1]
871,5563,895,5550,/HTML[1]/BODY[1]/DIV[5]/DIV[1]/A[1]
871,5563,895,5550,/HTML[1]/BODY[1]/DIV[5]/DIV[1]/A[1]/text()[1]
675,5566,676,5553,/HTML[1]/BODY[1]/DIV[5]/DIV[1]/SPAN[1]
675,5564,676,5563,/HTML[1]/BODY[1]/DIV[5]/DIV[1]/SPAN[1]/IMG[1]
0,118,1351,0,/HTML[1]/BODY[1]/DIV[6]
311,118,1039,0,/HTML[1]/BODY[1]/DIV[6]/DIV[1]
311,100,1039,10,/HTML[1]/BODY[1]/DIV[6]/DIV[1]/IFRAME[1]
675,101,676,100,/HTML[1]/BODY[1]/DIV[6]/DIV[1]/IMG[1]
311,122,1039,101,/HTML[1]/BODY[1]/DIV[6]/DIV[1]/DIV[1]
462,118,888,107,/HTML[1]/BODY[1]/DIV[6]/DIV[1]/DIV[1]/text()[1]
1321,30,1351,0,/HTML[1]/BODY[1]/DIV[6]/SPAN[1]
1326,25,1346,5,/HTML[1]/BODY[1]/DIV[6]/SPAN[1]/IMG[1]
